No.,Page,발표 제목 (Title),초록 (Abstract),Library Keywords (Normalized)
1,1,Accuracy Assessment of UAV Photogrammetry for DEM Generation in an Institutional Environment,"This poster evaluates the accuracy of UAV photogrammetry for Digital Elevation Model generation through comparison with Differential GNSS ground survey data at Federal Polytechnic Nekede, Nigeria.",
2,1,"Hiroshima ""Atomic Bomb Drawings"" Visualization Project (Poster)","An 'Atomic Bomb Drawings' project in which high school students in Hiroshima create paintings based on survivors' testimonies. Presented as an interactive, map-based digital archive using Re:Earth platform.",Re:Earth
3,1,Eurostat vs OSM vs Census: Choosing Open Mobility Data for Urban Function Maps,"Which open mobility dataset should you trust for urban function analysis? Using Copernicus Urban Atlas polygons, we compare Eurostat experimental MNO statistics, OpenStreetMap GPS traces, and census commuting flows.",
4,1,Integration of Numerical Weather Prediction Models: A 3D Spatial Information Approach,This presentation introduces a workflow for converting numerical weather prediction data from the Korea Meteorological Administration into real-time 3D visualizations using the open-source CesiumJS platform.,CesiumJS
5,1,ImageN for GeoSpatial,Introducing ImageN as amazing raster image procession engine for the Java GeoSpatial Community.,ImageN
6,1,Citizen-Driven War Memory Mapping: Enabling Non-Experts to Build Geospatial Archives with Re:Earth CMS and Visualizer,"In Nagaoka, Japan, 23 citizens aged 11-70+ with no GIS experience mapped the 1945 air raid using Re:Earth, an open-source WebGIS platform.",Re:Earth
7,1,Geospatial Data Gateway: Composing Spatial Features Across Databases and APIs,"A lightweight Geospatial Data Gateway built with Go that composes spatial features from multiple databases and APIs at request time, serving enriched GeoJSON through OGC API Features standard.",
8,1,GeoGirafe: a community-driven WebGIS built plugin by plugin,"GeoGirafe is a framework-free WebGIS built on standard WebComponents. This talk presents its feature set, plugin-based architecture, community governance model, and the funding structure.",GeoGirafe
9,1,"Green Infrastructure Baseline using Open-Source Geospatial Data for Dammam, Saudi Arabia","This study analyzes multi decadal spatiotemporal land cover change in Dammam, Saudi Arabia (1986-2025) to establish a green infrastructure baseline using Landsat and Sentinel-2 data classified using Random Forest in QGIS.",QGIS
10,1,Using AI and Digital Twin in Solving One of the World's Most Plastic Polluting River,"The Pasig River in Metro Manila is a major global source of ocean plastic pollution. Leveraging digital twin and AI-Machine Learning models, this project enables real-time monitoring and predictive analysis of plastic waste flows.",
11,1,Ensuring Tile Quality in MapLibre Through Automated Testing and CI,"This talk presents how MapLibre approaches tile quality using automated testing and CI pipelines, sharing practical lessons and reusable patterns for open-source geospatial projects.",MapLibre
12,1,Bridging LLM and GIS via Model Context Protocol for Conversational Flood Data Analysis,"This study proposes a Conversational GIS system that integrates LLM with MCP, allowing non-technical users to access and analyze geospatial data through natural language, supporting flood risk analysis.",
13,1,"DigiAgriApp, 2026 updates","DigiAgriApp is a free open-source suite to monitor agricultural fields. It is a comprehensive client-server platform designed to manage agricultural data with high granularity, from fields down to individual plants.",DigiAgriApp
14,1,DHIS2 to QGIS: Geospatial Analysis of Climate-Associated Health Data in Madagascar,"Madagascar uses open-source tools such as DHIS2 and QGIS to geospatialize health data, enabling database management, automated indicators, spatial analysis, dashboards, and interactive web platforms.","DHIS2, QGIS"
15,1,Shifting from a monolithic to a scalable SDI architecture: is it worth it?,"This presentation concerns migrating an SDI from a single-machine, multi-container Docker architecture to a cluster-based solution, including performance testing results and evaluation of potential bottlenecks.",
16,1,GeoNode as a Foundation for Research Data Management Infrastructure,This work presents the adaptation of GeoNode into a FAIR-compliant research data management (RDM) infrastructure for agricultural science.,GeoNode
17,1,Current GIS Applications in Hokkaido Agriculture and Hokuren's FOSS4G Initiatives with QGIS,"This presentation introduces how GIS is currently used in agriculture in Hokkaido. We also present Hokuren's initiatives and future plans for utilizing FOSS4G technologies, particularly QGIS.",QGIS
18,1,Mapping Peace: A GIS-Based Storytelling Platform for Global Peace Education from Hiroshima,"This research develops interactive peace education platforms integrating GIS with storytelling functions. In 2025, all atomic bomb-related sites within five kilometers of Hiroshima's hypocenter were mapped on Re:Earth.",Re:Earth
19,1,The Challenge of Open Point Cloud Data: What has a local government brought to our communities?,"We introduce 'Virtual Shizuoka,' a high-density 3D point cloud dataset published as open data by Shizuoka prefecture. We present its use cases, focusing mainly on transforming the community through collaborative efforts.",
20,1,"""You are here"" - but what if I'm not?",Presenting a webapp to track your location on a photo of a physical map,
21,2,pgRouting project status,"pgRouting project status presentation. Come and find out the latest news on the project as well as future plans, and how to get involved!",pgRouting
22,2,City2Graph: Open Source Python Library for GeoAI with Graph Neural Networks,"City2Graph is an open-source Python library bridging GIS, network science, and geospatial artificial intelligence (GeoAI) with Graph Neural Networks (GNNs). It offers a unified pipeline with conversion between GeoPandas, NetworkX, and PyTorch Geometric.","GeoPandas, PyTorch"
23,2,Japan Geospatial Times: Exploring the History and Use Cases of Geospatial Technologies in Japan,"Exploring Japan's geospatial technology, history, use cases, and challenges through Japan Geospatial Times, an open-source blog documenting geospatial applications in Japan.",
24,2,Text2Transit: From SNS posts to Timetable Aware Multi-stop Train Itineraries with Open Geospatial Tools,We present an open geospatial workflow that adapts LLMs for structured geospatial extraction from SNS posts and uses optimization to generate timetable aware multi stop rail itineraries.,
25,2,The #1 plugin for QGIS,"First ever FOSS4G talk on QuickMapServices, the #1 QGIS plugin. Seriously.",QGIS
26,2,Leveraging Open Geospatial Data in Journalism: Visualization and Analysis Workflows at Nikkei Visual Data,"Nikkei Visual Data produces digital news content. This presentation introduces how FOSS4G technologies contribute to article production through visualization using MapLibre and vector tiles, as well as data analysis with tools such as QGIS.","MapLibre, QGIS"
27,2,"Sustaining Open Source: Real models, Real lessons","This session is aimed at developers, project leads, and organisational decision-makers navigating the question of how to sustain FOSS4G, with a clear framework for thinking about sustainability.",
28,2,Building Modern GIS Applications on Cloud Native Infrastructure,"Eliminate idle costs with a scale-to-zero, cloud-native GIS architecture using DuckDB and serverless mapping with PMTiles. Learn to build sustainable, fast GIS applications across any cloud provider.",DuckDB
29,2,Rekichizu: Designing Modern-Style Historical Maps to Preserve Cultural Memory,"Rekichizu is a web service for exploring historical maps of Japan in a modern digital map style. Through data creation with QGIS and collaborative open data production with CODH, it makes historical landscapes accessible.",QGIS
30,2,GeoAgent: A QGIS Plugin for Natural Language-Driven Geospatial Analysis,"GeoAgent is a QGIS plugin that integrates large language models to enable natural language interaction with geospatial data, allowing users to explore layers, perform spatial analysis, and automate geoprocessing workflows.","GeoAgent, QGIS"
31,2,"Apache SIS for integrated metadata, referencing and grid coverage services","Apache SIS is a Java library for metadata, referencing, feature and grid coverage services with a focus on implementing OGC/ISO abstract models.",
32,2,Leaflet 2.0 is coming – it's official!,"Although an alpha version has been available on the Leaflet website for over a year, it remained unclear for a long time what we could actually expect. Now there is more information.",Leaflet
33,2,Current status and challenges of FOSS4G's Japanese localization,"FOSS4G software often has an international user base. This presentation will discuss the history, current status, and challenges of Japanese localization.",
34,2,Bringing Old Maps & Illustrated Maps to the Web: 10 Years of Maplat and Turning Misalignment into Innovation,Maplat is an open-source platform enabling bidirectional coordinate transformation between historical or illustrated maps and modern maps. Celebrating its 10th anniversary.,Maplat
35,2,EIA Scoping Tool and Collaborative Authoring and Review System,This presentation introduces a spatial system integrating an Environmental Impact Assessment (EIA) scoping tool with online authoring and review functions built with OpenLayers.,OpenLayers
36,2,"Reusable Geospatial Application Design for the Global South with MapLibre, STAC, and TiTiler","This talk presents a reusable geospatial platform architecture for operational use in the Global South using MapLibre GL JS, STAC, and TiTiler.","MapLibre, TiTiler"
37,2,QGIS + VS Code = DevTools,Developing QGIS plugins and using VS Code as your IDE? Get comfortable with DevTools for QGIS.,QGIS
38,2,From field data collection to web-based analysis and sharing: building the PINOGIO geospatial platform,"PINOGIO connects gPocket for field data collection with a web platform for project management, map production, and story-map publishing using open-source technologies.",
39,2,Mapping the Drivers of Deforestation in REDD+ Project Areas across the Brazilian Amazon,"This study analyzes 95 forest carbon projects (~104,000 km²) using MapBiomas data integrated in GIS. Spatial analyses, mixed-effects models, and explainable AI identify drivers of deforestation.",
40,2,Serving earth observation data with GeoServer: addressing real world requirements,"This presentation demonstrates how GeoServer enables efficient management, discovery, and visualization of large Earth observation datasets, covering STAC/OpenSearch, Cloud Optimized GeoTIFFs, mosaicking and more.",GeoServer
41,3,GeoServer 3 tour,"A practical tour of GeoServer 3 covering upgrade steps, new requirements, refreshed UI, and updated module structure. Learn what's changed and how to transition from GeoServer 2.x efficiently.",GeoServer
42,3,Under the Hood: Understanding MVCC and Tuning Autovacuum for High-Performance PostgreSQL,It is now important for PostgreSQL admins to understand the internals of autovacuum and the MVCC implementation. Let us discuss MVCC and autovacuum in detail.,PostgreSQL
43,3,SLA4GIS: international association of organizations providing technical support for OpenSource GIS,"Presentation introduces the SLA4GIS concept – its idea, scope, technical support principles, membership certification process and request handling mechanism for FOSS4G support.",
44,3,From NDVI to 260+ Indices: Five Years of Awesome Spectral Indices,"Awesome Spectral Indices (ASI) is an open, community-driven catalogue for spectral indices. Five years after its first release, ASI supports 260+ indices across multiple programming languages and platforms.",
45,3,Kartore: A Style Editor and Toolkit for MapLibre,"This talk introduces Kartore, a project centered around a style editor for MapLibre, covering motivation, design approach, editing capabilities, and planned extensions.",MapLibre
46,3,landlensdb: A Python Package for Managing Proximity Sensing Imagery,"We introduce landlensdb, an open-source Python package for managing proximity sensing imagery using PostgreSQL/PostGIS. It automates metadata extraction and enables scalable spatial-temporal queries.","PostgreSQL, PostGIS"
47,3,Programmatic Approaches to Exploring and Working with NASA-ISRO Synthetic Aperture Radar (NISAR) Mission Datasets,"The NISAR mission launched in July 2025, and data is now publicly available. This poster presents resources and guidance for working with NISAR data programmatically using open-source packages.",
48,3,Mapping What's Hidden: YouthMappers and Urban Drainage Completeness for Flood and Dengue Risk in OSM,This lightning talk documents a YouthMappers-led effort to map hidden urban waterways infrastructure in OpenStreetMap and shows how improved completeness changes spatial risk outputs.,
49,3,From Zero to Mapping Mojo: Teaching QGIS Through Hands-On Workshops,"This talk presents lessons from QGIS workshops, highlighting hands-on learning, open data and adaptive teaching to build user skills from beginners to advanced practitioners.",QGIS
50,3,Multitemporal Evaluation of Water Quality with Sentinel-1 and Sentinel-2 (2018-2025),"This study evaluates water quality in Guayas, Ecuador, using Sentinel-1 and -2 satellite imagery from 2018 to 2025, analyzing turbidity, chlorophyll, and water presence indices.",
51,3,Drawing the Lines: Visualizing the role of climate change and urbanization shaping human-bear interactions in Japan,"Japan has witnessed a surge in human-bear interactions. This phenomenon can potentially be traced back to dual pressures of climate change, urbanization significantly altering bear habitats and food sources.",
52,3,"QGIS ""Ask me Anything"" session",This session is your once-in-a-lifetime opportunity to ask Marco Bernasocchi (QGIS.org Chairperson) and Nyall Dawson (QGIS Core Contributor) anything about QGIS.,QGIS
53,3,A Practical Workflow for Reusing Proprietary Stormwater Model Data in Open-Source GIS Using CSV and SWMM Formats,"This presentation introduces a practical workflow for converting proprietary stormwater model data into open formats using CSV and SWMM inputs, enabling reuse and visualization in QGIS and Giswater.","SWMM, QGIS"
54,3,Portable Spatial-Semantic RAG for 3D City Models Using DuckDB,"'Find me sunny buildings near Hiroshima Station.' This talk presents a portable DuckDB-based approach to 3D city model search that combines spatial, semantic, and geometric cues.",DuckDB
55,3,GeoTools Update,GeoTools is an open source Java library that provides tools for geospatial data. Attend for a quick check in with the GeoTools as a vibrant OSGeo Project.,GeoTools
56,3,Python-Based Dashboard Development Using Geospatial Data,"Developing Dashboard that visualizes a wide range of statistical data on a map using Streamlit, a Python library.",
57,3,How map engine optimizes your visualization,Web map engines perform dozens of optimizations to render geographic features at interactive frame rates. This talk reveals the internal mechanisms from GPU optimization to Web Worker task scheduling.,
58,3,Designing and Developing for Disaster Resilience: Building Public-Good Geospatial Tools People Actually Use,"Wildfire risk data only saves homes if people can act on it. This talk explores how FOSS4G tools bridge open data and user-centered design to build free, nation-scale wildfire applications for disaster resilience.",
59,3,Small Robot Mapping Using Local Mesh Communication and Open-Source Sensors,"This project presents a low-cost educational multi-robot mapping prototype using ESP32 microcontrollers, open-source sensors, and local mesh communication.",
60,3,Pacific Tides App,"The Pacific Tides App provides offline access to tide, moon, and sun information for Pacific Island countries after a one-time data download.",
61,4,Rust for Geospatial ETL: High-Throughput Conversion of Japan's Land Parcel Data,"Japan's cadastral land-parcel open data ships as massive proprietary XML files. This talk describes a Rust port of the official Python converter, cutting nationwide conversion down from hours to minutes.",
62,4,Development of a Wildfire Fireline Visualization Pilot System Using Open-Source GIS Technologies,"This study introduces a three-dimensional GIS-based wildfire fireline visualization system developed using open-source GIS technologies, aimed at real-time wildfire monitoring.",
63,4,Training without Barriers: Lessons for Building Geospatial Capacity,"Training is often treated as an afterthought in the geospatial industry. This talk shares practical lessons from delivering and creating training for GIS, remote sensing, and earth observation.",
64,4,Detecting Quarry Pond Remnants on a Japanese Island Heritage Site Using Sentinel-2 Imagery,"This study applies Sentinel-2 satellite imagery and open-source Python tools to detect and map quarry pond remnants on Kitagi Island, a designated heritage site in Japan's Seto Inland Sea.",
65,4,Interactive web mapping with Equal Earth projection,"Most of today's web maps use the Web Mercator projection, which distorts area sizes. This talk shows recent improvements in web mapping libraries for using the Equal Earth map projection.",
66,4,The Map of Our History: The Journey of OSGeo Brazil,"This lightning talk traces the inspiring journey of OSGeo Brazil, from informal online forums to hosting the monumental FOSS4G in the Amazon.",
67,4,Git Blame: AI Edition,"AI is really helpful to assist in writing code, but who taught AI to code? This talk explores intellectual property issues with AI-assisted code and open source software licenses.",
68,4,Working with NASA-ISRO Synthetic Aperture Radar (NISAR) Mission Data in QGIS,The NISAR mission launched in July 2025. This poster presents resources and guidance for accessing and working with analysis-ready NISAR data in QGIS.,QGIS
69,4,GeoLLM in the Wild: Open Source AI Meets Geospatial,"From GeoNetwork semantic search to agentic GIS automation, Camptocamp shares two years of hands-on open source GeoLLM experimentation — what works, what doesn't, and what the OSGeo community should build next.",GeoNetwork
70,4,Machi-Space: The Urban Digital Twin Platform Powered by Project PLATEAU,"'Machi-Space' empowers non-experts to take an active role in the planning process, effectively changing traditional urban development workflows through digital twin technology.",PLATEAU
71,4,Awakening Dormant Geospatial Data: Structuring Large-Scale Government Documents with LLM,"We use LLM to extract and structure geospatial data buried in 100K-1M+ PDF and Office files held by Japan's MLIT, enabling visualization, spatial analysis, and evidence-based policymaking.",
72,4,Data publishing simplified with GeoCat Bridge,Bridge is a plugin for your favorite desktop GIS that makes it easy to publish your data to map and catalog services.,GeoCat Bridge
73,4,"Detecting Rooftop Solar Panels with Deep Learning, using Open Remote Sensing Data and OpenStreetMap","Introducing a deep learning-based rooftop solar model using open remote sensing data and OpenStreetMap, demonstrated through use in the Climate Action Navigator.",
74,4,State of STAC: From Specification to Infrastructure,"STAC has evolved into core geospatial infrastructure. This talk covers its current state, real-world adoption, key challenges, and how it fits into emerging architectures.",
75,4,Estimation of Soil Organic Carbon and Total Nitrogen in Thailand's Rubber Plantations Using Machine Learning,"Soil organic carbon (SOC) and total nitrogen were estimated using Sentinel-2 vegetation indices and machine learning in northeastern Thailand, with Random Forest achieving R²=0.63 for SOC.",
76,4,QGIS Hub: The Community Resource Ecosystem You Might Not Know About,"This talk introduces hub.qgis.org and the QGIS Hub Plugin, which lets you discover and use community resources including styles, models, 3D models, projects, and processing scripts directly from QGIS.",QGIS
77,4,Impactful Data: International cooperation to increase the value of open-source data & software including in hazard scenarios,"Open-source geospatial data and Overture Maps can generate detailed dwelling, transport, and service models. Case studies from Australia, New Zealand, Fiji, and Spain demonstrate applications for disaster risk reduction.",Overture Maps
78,4,Geoconnex: Standardizing Water Data in the United States through a Unified Graph Database,"Geoconnex links hydrologic data across many government agencies in the United States as a knowledge graph, published in accordance with W3C Spatial Data on the Web best practices.",
79,4,From Projects to Products: Operating Open Geospatial Data as a Regional Public Good in the Pacific,"A practical look at how the Pacific Community is shifting from short-term geospatial projects to sustainable, open data products through shared standards, regional governance, and coordinated stewardship.",
80,4,Every building on Earth,"We present an open, global, building-level resolution, reproducible and dynamic exposure model for applications in natural hazard risk estimation, resilience planning, disaster recovery, and humanitarian tasks.",
81,5,GeoServer Update,"GeoServer is a web service for publishing your geospatial data using industry standards for vector, raster and mapping, as well as batch or on-the-fly data processing.",GeoServer
82,5,Pacific Ocean Portal 2.0,"Pacific Ocean Portal 2.0 is an open-source platform enabling seamless access to ocean data, advanced GIS-based data management, and real-time visualization for Pacific Island countries.",
83,5,Bridging Cloud and Community: AWS AI Services Meet Open Source Geospatial Tools,"This session showcases architectural patterns for leveraging cloud AI services with open source geospatial tools, alongside case studies demonstrating how organizations use this combination.",
84,5,The state of GeoPlegma,"This session provides an overview of the GeoPlegma project, how it evolved the past year and what is in store for the next.",GeoPlegma
85,5,Standardizing Geospatial Time Series Access with OGC API EDR and RDF Linked Data Standards,"OGC API Environmental Data Retrieval is a powerful new API standard for accessing time series data about geospatial areas, integrated with RDF vocabularies and JSON-LD.",
86,5,"gitRmap / ""Guitar Map"" - Easy Maps for Git users","GIS is amazing, but there are many people who would like to create a map but don't know GIS. gitRmap is an easy way of creating a simple map for people who know a little bit of Git.",
87,5,The state of MapLibre: ecosystem update,"Learn of all that is new in MapLibre - changes to the web map renderer, the native, the Martin tile server, and numerous other changes including the short intro into MLT - new tile format.",MapLibre
88,5,Developing an ocean renewable energy platform with FOSS4G,This session explores using FOSS4G in building a comprehensive ocean renewable energy platform to support the global push for Net Zero.,
89,5,"Mapping the World, Empowering People with QField","Discover all QField new features and Explore how QField empowers people to map and understand the world—supporting daily tasks, global challenges, and the UN SDGs.",QField
90,5,Maplibreum: like Folium - but based on Maplibre,"Maplibreum: framework that makes the creation of web maps quite easy in a Python environment, similar to Folium but using MapLibre instead of Leaflet.","MapLibre, Leaflet"
91,5,Teaching AI to Contribute to Open Source: Lessons from MapLibre Agent Skills,"This talk shares lessons from building MapLibre Agent Skills: an open, eval-tested knowledge base that corrects AI hallucination in MapLibre implementations.",MapLibre
92,5,QGIS in Your Language,"In 2024, we launched a Japanese QGIS platform now reaching 20,000 monthly users. We share our approach and how to replicate it in your language.",QGIS
93,5,"End-to-End Satellite Data Pipeline: Airflow Orchestration, Zarr Storage, and LandTrendr Analysis",Apache Airflow manages tasks in a data pipeline from data ingestion and preprocessing to storage in ZARR format for multidimensional satellite imagery.,
94,5,A Japanese Company's Journey in Building the QGIS Community,"Based on MIERUNE's experience in Japan, this presentation shares practical insights into how companies can support and extend QGIS through user support, knowledge sharing, and plugin development.",QGIS
95,5,State of libCartoSym / libCSCQL2 / libDE9IM,"Update on the FOSS libCartoSym, libCSCQL2 and libDE9IM implementing the candidate OGC Cartographic Symbology 2.0 Standard, Common Query Language (CQL2) and Simple Features.",
96,5,From Data to Insights: Decision-Support tool application with the Goa Agriculture Department,"A decision support tool provides access to machine learning (ML) features, generating insights revealing core predictors behind key outcomes in agriculture.",
97,5,Running pygeoapi Cloud Native at Scale,"This session will explain best practices for deploying pygeoapi and scaling it within a cloud native, containerized, and horizontally scalable deployment.",pygeoapi
98,5,Operating Maritime AIS at Enterprise Scale with GeoServer,"This presentation describes a cloud-based approach to managing large-scale maritime data, enabling near real-time visualization alongside historical analysis.",GeoServer
99,5,Quality Control Leveraging the Characteristics of Proprietary and Open-Source GIS,"This presentation compares the outcomes of ArcGIS and QGIS topology validation tools, analyzes the practical issues stemming from their differences, and proposes potential solutions.",QGIS
100,5,Networking Modelling: A case for Somaliland sub-transmission and distribution investment plan,"Somaliland's electricity network lacks integration. Modeling and simulations analyzed current and future network scenarios, identifying growth constraints and network inefficiencies.",
101,6,Voxelization. Cubing 3D Space for Machine.,"Voxelizer, which produces 3D grid data—voxels—from 2D/3D spatial information raw data.",
102,6,Maintaining a small research tool: Experiences from the R package seg,This presentation introduces the R package seg developed nearly fifteen years ago and shares the difficulties encountered while developing and maintaining a small academic package.,
103,6,Tokyo Last Train Map: Visualizing 'When You Can't Get Home' with Open Data from 17 Rail Operators,"An interactive web application that visualizes Tokyo's last train network fading away over time in a firework-like radial display, combining ODPT public transit open data from 17 rail operators.",
104,6,From Manual to AI: Building a Custom QGIS Plugin for Automated Tree Counting and Infrastructure Detection,"A custom QGIS plugin integrating YOLOv8 and DeepLabV3+ to automate palm oil tree counting, road, and drainage detection from massive drone orthophotos in precision agriculture.",QGIS
105,6,Near-real-time monitoring of disaster damage on individual households,This project utilizes deep learning and high-resolution satellite imagery to monitor post-disaster housing destruction in near-real time to support humanitarian aid prioritization.,
106,6,Geospatial ES|QL in Elasticsearch,"ES|QL is a powerful new declarative query language for Elasticsearch, opening the door to PostGIS-like ease of use for Geospatial querying and analytics.",PostGIS
107,6,GeoNode: Use Cases & Custom Applications,"A gallery of GeoNode projects and use cases showcasing GeoNode's versatility for building secured geodata catalogs and web mapping services, from local administrations to global institutions.",GeoNode
108,6,Reshaping knowledge boundaries in an age of generative-AI,"This talk summarizes findings from interviews with free and open source software community members, investigating their views, attitudes and engagement with recent advancement of generative-AI.",
109,6,Explore open-source tools to create digital urban models for MapStore,The presentation describes processes and opensource tools employed to build and consume digital models for urban environments including 3D data visualizations for the MapStore WebGIS framework.,MapStore
110,6,"Multimodal AI-based Platform for Damage Assessment, Prediction, and Maintenance of Essential Buildings and Infrastructures in Climate Change",We present an integrated multi-modal AI platform designed to transition infrastructure maintenance from 'aging-focused' to 'climate-proactive' using GIS-based frameworks.,
111,6,"Strengthening Community Resilience in Dili Through Integrated Waste Mapping, Mobile-Based Reporting, and Drone-Assisted Early Warning","This project integrates participatory mapping using OpenStreetMap, real-time community reporting through Ushahidi, and drone mapping to monitor waste hotspots and support early warning in Dili, Timor-Leste.",
112,6,Breaking the Barriers: Using Generative AI for Global Geospatial Data Accessibility,"This presentation highlights 'invisible walls' in geospatial data access due to language and local technical barriers, and explores how Generative AI can bridge these gaps.",
113,6,OSGeo and OGC MoU update,"In 2022, OSGeo and OGC signed a new Memorandum of Understanding (MoU). This presentation will provide an update on collaboration, reference implementations, code sprints, and future plans.",
114,6,Where next for OSGeo?,"A non-technical talk in regards to the structure of OSGeo, its members, local chapters, and financing. The work of OSGeo:UK, the prospect of OSGeo Europe, and plans for FOSS4G 2027 in Bristol.",
115,6,Pedestrian Trajectory Mapping with MapLibre and OpenCV from Smartphone Videos,A simple pipeline to extract pedestrian trajectories from smartphone videos and draw them on map in urban spaces using MapLibre and OpenCV.,"MapLibre, OpenCV"
116,6,A new way of mapping with Discrete Global Grid Reference System,"DGGRS divides the Earth's sphere into regular zones with unique identifiers, resolving the distortion and reprojection problems of traditional flat maps.",
117,6,OGC/ISO standards for CRS: a look back and a look ahead,"An history of CRS at OGC: how WKT and abstract model evolved in parallel, and a look ahead at how OGC handles JSON encoding in future standards.",
118,6,"Open Geo Embeddings: Models, Representations, and Systems",This talk introduces a clear framework and compares GeoAI embedding approaches like Clay and TESSERA to help practitioners understand and apply geospatial embeddings in real-world workflows.,
119,6,Web-Based High-Performance Traffic Simulator: Advancing an Integrated Interaction Platform for Urban Planning Decision-Making,"A traffic simulation platform enhanced for real-world urban planning, moving beyond visualization toward immediate, high-performance deployment in professional environments.",
120,6,Storing your Satellite in a DGGS,DGGS gaining popularity in the GeoAI space. We'll look at pros and cons of storing vector and raster data in couple of indexing algorithms.,
121,7,Multistore: An S3-compliant data distribution API,"Source Cooperative's data proxy lets users access open datasets through S3-compatible tools. We rebuilt it from scratch as Multistore, an open source S3 gateway designed to be reusable across the ecosystem.",
122,7,State of GRASS,"GRASS, Geographic Resources Analysis Support System, is a powerful engine for geospatial processing and analysis. This talk delivers the latest GRASS update and community developments.",GRASS GIS
123,7,Automated Slope Estimation of Retaining Walls Using Drone Photogrammetry Point Clouds,This study proposes an automated slope estimation method using cross-sectional profiles derived from large-scale point cloud data for the safety inspection and maintenance of retaining walls.,
124,7,Supporting precision farming with GeoServer: past experiences and way forward,This presentation highlights how GeoSolutions leverages cloud infrastructure and geospatial technologies to enable precision farming at scale using GeoServer deployment strategies.,GeoServer
125,7,The metadata problem,"In this talk, I'll try to explain the metadata problem in geospatial data and why things like STAC are useful but cannot always solve your problem.",
126,7,Best Practises for Consuming OGC API Data,"This talk addresses some common challenges users face when consuming data from OGC API, mapping these issues to best practices for data consumers and publishers.",
127,7,The Pacific Geospatial Women Network,To provide geospatial mapping training and raise awareness on the use of geospatial tools to empower Pacific Women in mapping for community development and decision-making.,
128,7,Open-sourcing the ivory tower: removing barriers between scientific modelling and communities,"Open-source software was used to develop water flow and tracing models of Te Awarua o Porirua (Porirua Harbour), New Zealand, with an open-source dashboard for community interpretation.",
129,7,Open Schools Kenya,Open Schools Kenya has put all schools on the map using OpenStreetMap.,
130,7,When Maps Are Not Enough: Exploring 'Spatial Narrative Interfaces' for Geospatial Insight,This work explores how geospatial systems can move beyond map-centric interfaces by transforming complex GIS data into interpretable visual narratives.,
131,7,"Caring for a Living Park: An Open-Source Geospatial System Inspired by Field Experience (Cerro Kavaju, Paraguay)","A real-world case from Paraguay showing how a combination of open-source geospatial tools supports biodiversity monitoring, trail management, wildlife tracking, and conservation.",
132,7,Less to Think About: Bridging the Usability Gap in Geospatial Platforms,"Through two real-world platforms, this session explores how to turn powerful open-source spatial tools into decisions anyone can act on — by giving users less to think about.",
133,7,"Rise of the Machines, Rise of the Workers",The fourth wave of the industrial revolution has been seen by many as a very bad idea. This talk explores compelling parallels and lessons from good old fashioned organised labour.,
134,7,What's going on? An introduction to diagnosing PostgreSQL systems.,An introduction to looking at operating system and PostgreSQL database system stats to start understanding what the system is doing.,PostgreSQL
135,7,Integrating Indigenous Knowledge and Open-Source GIS for Climate Resilience in Fiji,This lightning talk shares how the SHAPE-CAR project in Fiji uses open-source GIS tools to support community-led climate resilience planning.,
136,7,Ten Years of PoliMappers: Lessons from a Student-Led Open Mapping Community,"PoliMappers reflect on a decade of student-led open mapping at Politecnico di Milano, sharing lessons on community sustainability and FOSS4G academic integration.",
137,7,ESGF Next Generation,"The Earth System Grid Federation (ESGF) new architecture introduces STAC catalogues, Kerchunk-enabled access, and an event-driven search system synchronising two discovery nodes.",
138,7,Rendering National Climate Data in the Browser: WebGL Custom Shaders with MapLibre GL JS,"We present maplibre-gl-shader-layer, an open source TypeScript library enabling custom WebGL shaders on MapLibre GL JS, demonstrated through Météo France climate datasets.",MapLibre
139,7,From Fragile to Robust: Making PL/pgSQL Safer with plpgsql_check,plpgsql_check is an open-source static analysis extension for PostgreSQL that helps catch many issues before they become production problems.,PostgreSQL
140,7,Japanese Map Culture: Inheritance through FOSS4G Technology,Japanese map culture has evolved through a pursuit of intuitive map designs as sophisticated infographics. We are redefining this cultural legacy within the digital space using FOSS4G technology.,
141,8,From Boring XML to 3D Tiles: Building a Geological Borehole Viewer with CesiumJS,"We present a pipeline transforming 190,000+ Japanese geological borehole records into interactive CesiumJS 3D Tiles using Implicit Tiling with glTF metadata extensions.",CesiumJS
142,8,GeoReports Web Application,GeoReports is a java servlet web application that provides a powerful tool for creating a geographically rich PDF Report containing a series of predefined pages relating to a location of interest.,GeoReports
143,8,TerriaJS applications,"This demonstration showcases TerriaJS's data visualisation capabilities through real-world deployments including satellite imagery and digital twins, all running open-source in the browser.",TerriaJS
144,8,Lessons from Running GeoServer at Scale,"This talk presents a practical playbook for taking GeoServer to production, covering performance tuning, data preparation, caching strategies, and operational controls.",GeoServer
145,8,"Hiroshima ""Atomic Bomb Drawings"" Visualization Project","An 'Atomic Bomb Drawings' project in which Hiroshima high school students create paintings based on survivors' testimonies, presented as an interactive map-based digital archive on Re:Earth.",Re:Earth
146,8,CDSE: Europe's Sovereign Infrastructure for Open Earth Observation,The Copernicus Data Space Ecosystem gives every user free access to Europe's Earth observation archive through cloud-native APIs. We showcase how sovereign EU infrastructure and open standards turn this archive into a foundation for geospatial AI.,
147,8,A New Approach to MapLibre Style Editing,"Mapstrata is a visual editor for MapLibre styles that makes collaboration possible: spec validation, variant support, and a project format built for git.",MapLibre
148,8,Open Standards and Tools to Accelerate Global Crisis Response,"The IFRC launched the Global Crisis Data Bank (Montandon), the world's largest repository of natural hazard and impact data. This talk covers how we're building a harmonized data repository using open standards like STAC.",
149,8,Breaking the Browser's Limit: High-Performance Spatial Analytics with GeoArrow & DuckDB,"A high-performance, serverless spatial analytics framework using GeoArrow, DuckDB-Wasm, and Parquet, achieving a 10x-50x performance boost over row-based GeoJSON.",DuckDB
150,8,Iwfgara: Visualizing Numerical Weather Prediction Data in an Open Source Web-based 3D GIS,Iwfgara is an open-source web-based 3D GIS platform for visualizing numerical weather prediction data and enabling interactive exploration of atmospheric phenomena.,
151,8,TREACOM - terrain relief emphasized and color muted image map,"A patented image processing method designed as a replacement for plan drawings, improving interpretability of UAV ortho images through terrain relief emphasis and color reduction.",
152,8,"One Project, All Views: QGIS Map Themes","Mastering QGIS Map Themes streamlines cartographic workflows, automates Atlas production and enhances field data collection using Mergin Maps and QField.","QGIS, QField"
153,8,From Chaos to Confidence: Practical DataOps with COG Optimization and Great Expectations for National-Scale Agriculture,GISTDA's Dragonfly project lessons on national-scale agricultural monitoring using COG performance optimization and Great Expectations automated quality gates.,
154,8,Beyond Shapefile: A Taxonomy of Modern Geospatial Data Formats,"This talk provides a structured overview of formats including MVT, MLT, 3D Tiles, PMTiles, FlatGeobuf, and GeoParquet, explaining their core concepts, trade-offs, and how to combine them.",
155,8,Using Building Exposure Taxonomies in HOT Workflows,We share how the Open Exposure Taxonomy integrates several open data taxonomies and improves the quality of data for disaster risk.,
156,8,Smarter Geospatial Management: A Collaborative Web Client for National Spatial Data,"We present the Geonorge.Forvaltning.Client, a web-based GIS interface for the collaborative maintenance of Norway's national map data.",
157,8,Offline-First Geospatial Architecture for Tree-Level Analysis Using FOSS4G Pipelines,"This talk presents an offline-first geospatial architecture integrating photogrammetry, point cloud processing, and tree-level analysis using FOSS4G.",
158,8,Modernizing Earth Observation Access: The GEODES Shift to Open Source and Cloud-Optimized Architectures,"Our experience with the migration of GEODES (CNES Earth observation catalog) from proprietary systems to an Open Source, cloud-optimized architecture.",
159,8,National Map Agent: An Open Geospatial Architecture for Knowledge Graph-Driven GeoAI,"This presentation introduces a National Map Agent integrating open geospatial standards, knowledge graphs, and GraphRAG to enable intelligent, standards-aware mapping workflows.",
160,8,Mapping Peace: A GIS-Based Storytelling Platform for Global Peace Education from Hiroshima [2],"This research develops interactive peace education platforms integrating GIS with storytelling functions, mapping all atomic bomb-related sites within five kilometers of Hiroshima's hypocenter on Re:Earth.",Re:Earth
161,9,From Binary to Web Maps: Teaching GIS Programming in the Kartoza Internship,"This talk shares stories from running the Kartoza internship remotely, guiding university students from basic computer science concepts to building simple web GIS applications with Python and Django.",
162,9,"Beyond the Pixels: A PM's Perspective on ""Data Transition"" – Transforming Satellite Imagery into Actionable Disaster Solutions","This presentation introduces the 'Data Transition' framework, using FOSS4G pipelines to transform satellite imagery into actionable disaster solutions.",
163,9,GIS-based Crop Monitoring using Satellite and Weather Data: A Case Study of Kolhapur,"This study demonstrates the integration of satellite imagery and weather data for crop monitoring in Kolhapur using open-source GIS tools including QGIS, NDVI, and Remote Sensing.",QGIS
164,9,Construction of a Geospatial Digital Archive of the Fukui Air Raid History,"This presentation introduces the Fukui Air Raid Digital Archive, a community-based project using open-source GIS to map war memories, historical records, and disaster impacts.",
165,9,Working with PostgreSQL when your DBA is not around,This conference presentation provides a comprehensive overview of the world's most powerful open-source database for non-DBAs when application performance is at stake.,PostgreSQL
166,9,"Applying OSS ""Ouranos GEX"": Lessons from PoC and the Path to Java-Based Development",We conducted a PoC using OSS 'Ouranos GEX' in our high-speed spatiotemporal data management technology and discuss the development of the Java-based OSS.,Ouranos GEX
167,9,Z7 Explorer — Why IGEO7 May Succeed H3 as the Standard Hexagonal DGGS,"We present Z7 Explorer, a web application that computes IGEO7/Z7 grid indexes entirely client-side. We demonstrate why IGEO7 addresses fundamental limitations of H3 and conventional coordinate systems.",
168,9,SedonaDB: Why Yet Another Geospatial Database Engine?,SedonaDB is an open-source single-node analytical database engine for GIS. This talk will provide an overview of the current FOSS4G database landscape and explain why SedonaDB matters.,
169,9,State of GeoNode,"This presentation will introduce the attendees to GeoNode's new capabilities, summarizing new features added in the last release and a glimpse of what's planned.",GeoNode
170,9,"PostgreSQL Catalogs Explained: Metadata, Introspection, and Insights",PostgreSQL's system catalogs are at the heart of how the database organizes and manages information. A solid understanding of catalogs helps developers and DBAs write powerful introspection queries.,PostgreSQL
171,9,Hillshading for Real-time Lighting,"This talk presents how we implemented a decoupled terrain normal generation approach for real-time, high-performance rendering to support Navara system's dynamic day-night cycle.",
172,9,QGIS Web Client (QWC) - project status and new developments,"QGIS Web Client (QWC) is a modular next generation responsive web client for QGIS Server, built with ReactJS and OpenLayers. This presentation gives a short introduction and presents new developments.","QGIS, QWC, OpenLayers"
173,9,From Legacy Data to National Standards: Preparing a Brazilian City for Federal Interoperability with FOSS4G,Caucaia's story reveals how transitioning from fragmented files to an open spatial database using PostGIS and QGIS is transforming urban management toward the SINTER framework.,"PostGIS, QGIS"
174,9,Project Support at OSGeo,"Learn how project support works at the Open Source Geospatial Foundation, the initial vision of the 'incubation committee', and what is being setup as a replacement.",
175,9,The Power of Local Connections for Social Impact in a Technocratic World: Experiences from HOT,"Drawing on HOT's experiences from around the world, this talk shows how FOSS tools paired with collaboration and local engagement empower communities to become local changemakers.",
176,9,Contributing to Landslide Disaster Prevention Measures in the Noto Region Using Open Source Software,"The 2024 Noto Peninsula Earthquake triggered landslides. Using open geospatial data, the authors identified 'hidden landslides' and developed a web platform to visualize topographic changes.",
177,9,From GeoTIFF to Kriging: A Fully Open-Source Remote Sensing Workflow,"This talk presents a fully open-source workflow for geospatial modeling of satellite-derived chlorophyll-a data using QGIS, GDAL, and R, with kriging interpolation.","QGIS, GDAL"
178,9,"Using Lonboard for interactive STAC, COG, and Zarr visualization from Python","Lonboard is the fastest, most capable Python library for interactive geospatial data visualization. This demonstration will show how to visualize STAC, COG, and Zarr in Lonboard.",
179,9,Idle-Aware Geo-Processing Scheduler: Auto-Scaling Workers for Cloud-Native Geospatial Processing,An idle-aware geospatial processing scheduler that auto-scales workers based on queued workloads for scalable geospatial data processing pipelines.,
180,9,"Vector tiles and GeoServer: dynamic vector tiles server, XYZ services, and base maps","An in-depth look at GeoServer's support for Mapbox Vector Tiles, covering recent enhancements, flexible styling mechanisms, and performance optimization techniques.",GeoServer
181,10,Solar Potential Analysis on Japan's PLATEAU 3D City Model: A Visual ETL Workflow,"This talk walks through a solar potential analysis workflow on PLATEAU data: CityGML challenges, the transformation pipeline, and turning a one-off analysis into a reusable spatial workflow.",PLATEAU
182,10,WoSIS: Global soil information service powered by open source tools.,"WoSIS is a global soil information service built on PostgreSQL/PostGIS, GraphQL and OGC services, covering the full cycle from ingestion to dissemination.","PostgreSQL, PostGIS"
183,10,GeoAI for Social Impact: Open-Source Flood Risk Mapping and Early Warning Systems in Informal Settlements of South Africa,Open-source geospatial tools and GeoAI are used to map flood risk and support early warning systems in informal settlements using Sentinel-2 data and machine learning.,
184,10,City-scale imagery generation using a handful of cheap consumer drones,At HOTOSM we have been refining workflows alongside OpenDroneMap to process areas of <100 km² captured using DJI Mini series drones with Kubernetes-native processing pipelines.,OpenDroneMap
185,10,Introducing the Climate Action Navigator,"Introducing the Climate Action Navigator, a FOSS4G website containing high-resolution spatial indicators of actionable insights to support climate action.",
186,10,OpenStreetMap-Driven Flood Susceptibility Modeling Using GIS with Multi-Criteria Decision Analysis,This study develops a GIS-based flood susceptibility model for Nepal's Sunkoshi Basin integrating OpenStreetMap-derived hydrography within an MCDA framework.,
187,10,pycsw project status,"pycsw project status presentation. Come and find out the latest news on the project as well as future plans, and how to get involved!",pycsw
188,10,The Human Lens in a Machine-Mapped World,"Beyond LiDAR and automated sensors, human photography captures the 'why' of a place. This talk draws inspiration from Panoramio and Flickr, questioning whether human-captured imagery remains a vital layer for modern mapping.",
189,10,MAPME Initiative: Open Geospatial Ressources for Development Impact,"MAPME is a community-driven initiative promoting access to open GIS resources for planning, monitoring, and evaluation in international development.",
190,10,"GeoNode usage in Brazil: State of art, challenges, and business opportunities","This work aims to discuss, based on real data, a general scenario regarding the current use of GeoNode in Brazil.",GeoNode
191,10,Streetview Image Inpainting with Image-Edit Diffusion Models,This talk shows how using ComfyUI and the Qwen Image model to build a 'magic eraser' for high-res street imagery using AI-driven masks.,
192,10,Wave-like Propagation Heatmap from Discrete Data Using Geospatial Indexing Methods,"To transform discrete geospatial data into an insightful heatmap, this proposal focuses on the selection of geospatial indexing methods with traversal functionality and wave-like propagation.",
193,10,Open Vector Tiles for the Actual Vegetation Map 2024 and Launching the Satellite-based Vegetation map 2030,This presentation introduces the public release of vector tile data for the Actual Vegetation Map 2024 and the launch of the Satellite-based Vegetation map 2030 for biodiversity applications.,
194,10,What is the optimal resolution of a DGGS for forest cover mapping and monitoring?,Remote sensing-based biophysical indicators such as leaf area index are integrated in a Discrete Global Grid System (DGGS) for forest monitoring in Catalonia.,
195,10,"OGC APIs with GeoServer 3: implementation, availability and next steps","Overview of OGC APIs implementation in GeoServer. OGC APIs offer a modern, modular, RESTful geospatial services using JSON and extensible building blocks.",GeoServer
196,10,"Geospatial and Multi-Criteria Decision Analysis of Green Infrastructure for Urban Equity and Resilience: Padua, Italy","Research examining how rooftop greening and urban agroecology can support equitable, healthy, climate-resilient urban development through GIS analysis.",
197,10,Open Source Access Options for NASA-ISRO Synthetic Aperture Radar (NISAR) Mission Data,The NISAR mission launched in July 2025. This talk presents a range of open source tools available for accessing and transforming L-band data from the mission.,
198,10,Open Drone Mapping for Empowerment,"Open drone technology and collaborative platforms improve geospatial data collection using Drone Tasking Manager, OpenDroneMap, and OpenStreetMap.",OpenDroneMap
199,10,50 Lines of Python: Neighborhood DNA from Overture Maps Places,"Overture Maps Places offers 53 million POIs. In 50 lines of Python and DuckDB, I turn raw Overture places into a visual neighborhood typology.","Overture Maps, DuckDB"
200,10,Beyond the Demo: How Re:Earth Is Being Deployed in Government GIS,This talk reports from the field: how Japanese government agencies are using Re:Earth Visualizer and CMS to build public data portals and run citizen participation programs.,Re:Earth
201,11,Speeding up earthwork volume calculation using the point elevation method,"In earth volume calculation using the spot level method, computational speed was improved by adopting image-based rasterization for the inside/outside determination of the calculation area.",
202,11,Waystones: Bridging the Deployment Gap for Authoritative OGC API Services,Waystones is an open-source tool for designing geospatial data models and deploying production-ready OGC APIs by automating the configuration of pygeoapi and QGIS Server.,"pygeoapi, QGIS"
203,11,Web-Based Urban Thermal Fluid Simulation System Using 3D City Model,We developed a system that utilizes the open-source 3D city model 'PLATEAU' to enable simple thermal fluid simulations on a web application for urban planning.,PLATEAU
204,11,A cultural database for down to earth users: open source maps and media in Indigenous Australia,This talk explores the technology stack and design process behind a visual cultural database for Indigenous organisations in Australia using open source geospatial tools.,
205,11,Developing a QGIS Plugin for Urban Structure Evaluation,This presentation introduces a QGIS plugin developed under Japan's Project PLATEAU to help municipal staff calculate and visualize urban structure evaluation indicators.,"QGIS, PLATEAU"
206,11,State of MapStore,"MapStore is an open-source webgis built on React and Redux to create and share maps, dashboards, and geostories. It is mobile-ready and supports OpenLayers, Leaflet, and Cesium.","MapStore, OpenLayers, Leaflet, CesiumJS"
207,11,From Cloud to GPU: Inside the Modern Vector Tile Rendering Pipeline,"This talk walks through the full pipeline from cloud storage to browser GPU: accessing PMTiles, decoding MVT and MLT, and rendering on the GPU with future directions like WebGPU.",
208,11,Architecture design and API development for geospatial backend in Large-Scale forest and land monitoring platforms,"Architecture design use case on forest and land monitoring platform (LANDX) by GISTDA Thailand, dealing with large geospatial data and big geospatial queries.",
209,11,Big Data Transportation Planning Decision Support Using an Open-Source WebGIS Digital Twin,A WebGIS-based digital twin platform integrating open-source geospatial technologies and urban mobility data to support data-driven transportation planning.,
210,11,"Development Planning of a Web Map Application for ""Watashitachi no Hiroshima"" Textbook",This presentation introduces a development plan for a web-based map application for the supplementary social studies textbook 'Watashitachi no Hiroshima' used in Hiroshima elementary schools.,
211,11,Bridging the Gap: Practical Spatial Partitioning of GeoParquet in an Evolving Ecosystem,We built a custom spatial indexing pipeline using Dagster and GeoPandas for GeoParquet 1.1 while waiting for native tools to fully mature.,GeoPandas
212,11,"Mastering Security with GeoServer, GeoFence, and OpenID","This presentation introduces GeoServer's authentication and authorization subsystems, including advanced rule-based access control with GeoFence and flexible integration options.","GeoServer, GeoFence"
213,11,Developing Rendering Effect Extensions as a GIS Beginner,This talk presents the implementation of Object-Selective Post Effects (Outline/Bloom) in a GIS-oriented rendering system.,
214,11,Three years in two months - lessons learned in re-building a 120kloc GIS system from scratch,"A personal account of a two-month sprint to attempt to rebuild a corporate GIS system in the Brazilian Federal Police using modern tools, solo.",
215,11,"Sharing your GeoSpatial Models, MLOps Architecture in fAIr","Recent advancements in fAIr, specifically enabling developers to share their GeoAI models for humanitarian mapping purposes using STAC, MLM, Zenml, and Kubernetes.",
216,11,Data Dashboards with Provenance using Cloud-Native Geospatial Processing,"An open-source platform to repeatedly analyse any dataset against any geometry cloud-natively, with an auditable record of every step and full provenance for each value.",
217,11,Anatomy of a file,"Raster, vector, point cloud: every geospatial format solves the same core problems. Let's build a format from scratch to see these concerns in practice.",
218,11,New OGC API Plugins on the Block,"This talk introduces two QGIS plugins: the 'pygeoapi configurator' for publishing data, and the 'QGIS OACS' plugin for discovering and visualizing OGC API datasets.","QGIS, pygeoapi"
219,11,From GIS Visualization Needs to 3D City Models: The Current Trajectory of Project PLATEAU in a Global Context,"This talk explores Japan's Project PLATEAU in its mature phase and shares how open Web GIS platforms help initiate small-scale GIS projects abroad, including disaster resilience in Peru.",PLATEAU
220,11,From 6 People Classroom Meetup to 100 people Regional Conference: 16 Years Building FOSS4G Community in Hokkaido,"This session shares the 16-year evolution of FOSS4G Hokkaido, Japan's first local community, offering a practical 'Survival Toolkit' to overcome organizer burnout.",
221,12,Serverless Watershed Extraction: Benchmarking Zarr vs COG for Large-Scale Flow Direction Data,"A serverless function that extracts watersheds from nationwide flow direction data hosted on cloud storage, comparing performance between COG and Zarr formats.",
222,12,"Participatory Renewable Energy Zoning Using QGIS and Open Data: A Case Study in Urahoro, Hokkaido","Renewable energy zoning project in Urahoro, Hokkaido, combining QGIS with open data sources and a custom-built participatory mapping system developed with generative AI.",QGIS
223,12,Mapping Without Moving: Using PostGIS and ogr_fdw to Query Remote Data,"This talk demonstrates using ogr_fdw and PostGIS to query remote Shapefiles, CSVs, and databases directly via SQL, creating a unified 'Data Hub' without moving files.",PostGIS
224,12,GeoNetwork Update,"The GeoNetwork opensource project is a catalog application that makes it easy to discover resources at local, regional, national or global level.",GeoNetwork
225,12,"FBIS Africa: Freshwater biodiversity data from Africa, for Africa.","FBIS Africa is an open-access platform designed to mobilise, harmonise, and analyse freshwater biodiversity data to support conservation and policy decisions across the continent.",
226,12,Establishing an Automated 3D Geospatial Data Pipeline for a National Digital Land Platform,An automated 3D geospatial data pipeline for a national Digital Land program integrating large-scale CityGML datasets with an operational validation framework.,
227,12,Yago Audio Map in Karakuwa Peninsula,We developed 'Yago Audio Map in Karakuwa Peninsula' with Leaflet to preserve local culture.,Leaflet
228,12,Introducing OSM Clubs in Elementary Schools Building Young Mappers for a Better Future,This study proposes establishing 'Young Mappers Clubs' in elementary schools in Addis Ababa to introduce OpenStreetMap mapping skills.,
229,12,Lessons from the OS Grave: Learning from the collapse of a tech-for-good open source program,"In the winter of 2024, a corporate tech-for-good program was shut down. This lightning talk covers key lessons of what went right and what didn't.",
230,12,Eyes-Free Navigation: OSM-Powered Spatial Audio and AI Navigation for Visually Impaired Users.,"Cogniscape is an open source iOS and Android app combining OpenStreetMap pedestrian data, spatial audio beacons, and on device AI obstacle detection for eyes free navigation.",
231,12,Elevating Geospatial Cloud-Native Platforms: End-to-End Observability with Geospatial Observation Stack,"An open-source Geospatial Observation Stack using OpenTelemetry, Prometheus, Grafana, and Loki demonstrating end-to-end tracing and SLOs in cloud-native architectures.",
232,12,Connecting GIS with Autodesk Platform Services,This talk explains how to use AutoCAD's own API to extract data to GIS and the ways we have used it in civil engineering projects.,
233,12,Do formats exist? Towards a unified foundation for data tooling,"The cylf ecosystem leverages WebAssembly to make codecs, format drivers, and storage drivers modular, sandboxed, and fetchable on-demand.",
234,12,"Fast, interactive, customizable raster data visualization in Python & the browser with deck.gl-raster","A new ecosystem for client-side raster data visualization in Python & the browser, enabling interactive WebGL rendering of COG and Zarr data.",
235,12,Not on Your Google Maps: The Map Is Not the Territory,Think of a map as an artistic still life. Being completely factual is not the same as being factually complete. Let's learn skills to enhance our digital stories from 3D environments.,
236,12,Mapping the Changing Surface of the World's Roads: Open-Source Geospatial Intelligence for Humanitarian Logistics,"The first global dataset of road surface type and width for 9 million km of arterial roads using open-source GeoAI workflows, supporting a Humanitarian Passability Index.",
237,12,Responding to Rapid AI Innovation: Teaching Applied Three-Tier GIS Systems for Regenerative Futures,Our curriculum uses scaffolded project-based learning to teach an applied three-tier GIS system with cloud-based open-source tools and AI workflows.,
238,12,Performance Analysis of Foundation Stereo Image Matching for 3D Terrain Extraction from Satellite Stereo Data,This study evaluates the performance of NVIDIA's FoundationStereo for extracting high-quality 3D terrain information from high-resolution stereo satellite imagery.,
239,12,ZOO-Project: news about the Open Source Generic Processing Engine,The ZOO-Project is an open-source software platform that implements the OGC API Processes standard for geospatial and Earth Observation (EO) applications.,ZOO-Project
240,12,Bridging the Language Gap: How the QGIS Brazil Community Drives Open Source Adoption in the Global South.,Discover how the QGIS Brazil community uses translation and local networking to democratize FOSS4G across South America.,QGIS
241,13,Building National-Scale WebGIS Using Open Source Geospatial Pipelines,This proposal demonstrates two national-scale WebGIS applications built with open source pipelines to mitigate trade-offs between spatial resolution and computational cost.,
242,13,Accelerating Climate Action: Building GIS Dashboards with openEO and titiler,"By using openEO and titiler, geospatial analysts can reduce data preparation time for Sentinel-2 datasets, delivering insightful GIS dashboards for forest health monitoring.",TiTiler
243,13,GeoServer 3 complete - final update,GeoServer 3 completes a long-planned modernization effort updating core dependencies while preserving backwards compatibility. This talk revisits the transition and shares lessons learned.,GeoServer
244,13,QGIS as a Digital Twins platform,"Digital Twins are becoming a standard requirement for urban planning and infrastructure, but the software landscape is still dominated by expensive, proprietary systems.",QGIS
245,13,A Reproducible Open-Source Workflow for Urban issues in Indonesia (Case study Urban Sprawl),"A reproducible open-source workflow for analyzing urban growth in Indonesia, combining satellite data, machine learning, and accessible tools.",
246,13,Japanese Map Culture: Inheritance through FOSS4G Technology [2],Japanese map culture has evolved through a pursuit of intuitive map designs as sophisticated infographics. We are redefining this cultural legacy using FOSS4G technology for the next generation.,
247,13,TrustChain: Implementing the OGC Identity-Provenance-Trust Framework as an Open-Source Geospatial Pipeline,"TrustChain is an open-source implementation of the OGC IPT framework making trust computable: every dataset carries a cryptographic fingerprint proving its origin, integrity, and provenance.",TrustChain
248,13,End-to-End Deep Learning Analysis Pipeline for Early-Season Crop Mapping using Sentinel Data,An end-to-end analysis pipeline for early-season crop mapping processing multi-sensor Sentinel data with CWT scalogram generation and PyTorch CNN models.,PyTorch
249,13,USE-SVI: A Reproducible Pipeline for Sampling and Processing Street-Level Imagery for Urban Analytics,"USE-SVI is a Python pipeline for systematically sampling road networks, acquiring Google Street View images, and stitching them into panoramas for urban analytics.",
250,13,Updating National Terrain Model,"National Land Survey of Finland is developing a new system for updating National digital terrain model (DTM), covering process workflow and quality management.",
251,13,What Could Possibly Go Wrong? A Practical Security Review of Popular Open-Source GIS Libraries,This talk shares results from a security review of widely used open-source GIS libraries using a lightweight SAST and SBOM methodology.,
252,13,Modernizing Earth Observation Access: The GEODES Shift (Poster),"This poster covers the migration of GEODES (CNES Earth observation catalog) from proprietary systems to an Open Source, cloud-optimized architecture.",
253,13,"From Drone to Map: An Open-Source Workflow for High-Resolution Imagery in Remote Landscapes of the Pilbara, WA","An open-source workflow using DJI RTK drones, WebODM and QGIS for generating centimetre-level spatial datasets on demand in remote regions.",QGIS
254,13,From Maps to Operational Infrastructure: Open Geospatial Digital Twin for Decentralized Wastewater Treatment,An open geospatial digital twin framework for decentralized wastewater treatment systems built on PostgreSQL/PostGIS and OGC APIs.,"PostgreSQL, PostGIS"
255,13,Intent-Centric Wildfire Monitoring: LLM and VLM Orchestration for Everyone,"A shift from tool-centric to intent-centric wildfire monitoring by integrating LLMs and VLMs, eliminating the technical barrier of manual tool selection for satellite data.",
256,13,Building spatial databases with MakeGIS,"MakeGIS is a lightweight orchestrator for spatial databases, handling data loading, SQL transformations with automatic dependency detection.",MakeGIS
257,13,Ferrostar: Tackling Navigation Challenges Through Collaboration,Ferrostar is a cross-platform FOSS navigation SDK tackling challenges in translating open data like OpenStreetMap to real-time guidance.,
258,13,Operationalizing Impact-Based Flood Forecasting Using Open Geospatial Pipelines,"An open-source pipeline — Python, PostgreSQL, and QGIS — that translates rainfall forecasts and hazard layers into impact assessments for critical facilities.","PostgreSQL, QGIS"
259,13,Metadata in the time of robots,"In this presentation, we will try to understand the relevance of geospatial metadata in the modern technological landscape.",
260,13,"Visualizing Nagasaki's Peace Sites, Trees, and AI-Colorized Photos with Re:Earth",Visualization of Atomic Bomb Ruins Using Web GIS 'Re:Earth' and Its Application to Peace Education at Nagasaki Higashi High School.,Re:Earth
261,14,Digital Earth Canada: Unlocking the Power of Earth Observation Across Canada and Abroad,"Digital Earth Canada (DEC) is a national Earth Observation platform bringing together satellite data, cloud computing, and AI-powered analytics powered by open source technologies.",
262,14,"We still need Raster tiles... then, chiitiler!","MapboxVectorTiles have changed the geospatial ecosystem. But raster tiles still matter, and this talk explores why and presents chiitiler as a solution.",
263,14,Building an AI Map Agent with Self-Hosted Planet-Scale OSM and Tiny LLMs,"This talk presents TRIDENT, text2geoql-dataset, and a self-hosted planet-scale OpenStreetMap stack for building a grounded, interactive AI map agent.",
264,14,A Proposal for Hierarchically Organized GeoParquet,GeoParquet is a file format based on Apache Parquet. I added a hierarchical dimension for sorting to achieve better compression and query performance for streaming features.,
265,14,From Street Level to Grid Level: Scaling Urban Resilience through Open Mapping,A proven framework for using street-level imagery to tackle challenges in infrastructure data management in rapidly urbanizing regions.,
266,14,Development of a Smart Offshore Aquaculture System for Seaweed Biomass Production,"A smart offshore aquaculture system built on PostgreSQL, PostGIS, and GeoServer integrating environmental sensor data for seaweed biomass production.","PostgreSQL, PostGIS, GeoServer"
267,14,"Combining DuckDB, MapLibre GL JS, and AI for Browser-Native Map Visualization","A conversation-first data analysis tool for Japan's MLIT LINKS project using DuckDB-WASM, Claude on AWS Bedrock, and MapLibre GL JS for in-browser data exploration.","DuckDB, MapLibre"
268,14,Creating Language to Describe a Subjective Geospatial World: Dynamic Generation of Mental Maps,A system that quantifies discrepancies in individual spatial cognition and converts objective GIS data into subjective mental maps.,
269,14,Women in Open Source Volunteering: From Starting Out to Making a Real Difference,"This talk celebrates how women volunteers strengthen and diversify open source geospatial ecosystems, especially in underrepresented regions.",
270,14,Creating Large-Scale Very High Resolution Satellite Mosaics with High Spatial and Spectral Accuracy,"Vhrharmonize is a Python library, CLI, and QGIS plugin that automates preprocessing and mosaic generation for Very High Resolution satellite imagery.",QGIS
271,14,Mapping the Distance to History: Reading Barefoot Gen on a Map with Open Geospatial Tools,An experimental CesiumJS project reconnecting scenes from Barefoot Gen to real locations in Hiroshima using historical maps and open geospatial data.,CesiumJS
272,14,"Amazon Location Service Plugin for QGIS: Basemaps, Geocoding, and Routing","An open-source QGIS plugin that makes it easy to use basemaps, geocoding, and routing in everyday workflows without leaving QGIS.",QGIS
273,14,Open Disaster Response (OpenDR) 1.0: Real-Time Cloud-Native GeoAI and Multi-Sensor Fusion for Humanitarian Intelligence,OpenDR 1.0 is a cloud-native framework that automates multi-sensor fusion and GeoAI hazard detection for disaster response.,
274,14,Soybean yield estimation using free geotechnologies: modeling with remote sensing and Random Forest,Soybean yield estimated using NDVI and EVI from MODIS and Sentinel-2 sensors with the Random Forest algorithm applied for modeling.,
275,14,Cloud-Native Raster Workflows with TiTiler,"This talk explores how cloud-native principles combined with STAC, COGs, and TiTiler enable dynamic, scalable, expression-driven raster workflows.",TiTiler
276,14,pygeoapi project status,"pygeoapi project status presentation. Come and find out the latest news on the project as well as future plans, and how to get involved!",pygeoapi
277,14,Meeting Cyber Resilience Act September Deadline,"The first hard requirements of the European Cyber Resilience Act (CRA) comes into effect in September. Learn what this means for you, your employer, and our open source community.",
278,14,State of DGGAL (Discrete Global Grid Abstraction Library),"Update on the FOSS Discrete Global Grid Abstraction Library (DGGAL), focusing on support for new DGGRSs and use in the OGC AI-DGGS Pilot for Disaster Management.",
279,14,"Inside the Engine of ""KnoWaterleak"": Real-Time Search and On-Demand Vector Tiles for Large Pipeline Data","From our production 'KnoWaterLeak' leakage-risk service, we show real-time, on-demand vector tiles for large pipeline datasets using in-database MVT generation.",
280,14,Accuracy Verification of 3D Models Around the Tottori Sand Dunes from Historical Aerial Photographs,This study used aerial photographs taken over 50+ years to evaluate the accuracy of 3D models and examined whether super-resolution processing contributes to accuracy improvement.,
281,15,Digital Transformation in Railway Infrastructure: How JR West Democratized Geospatial Data,How JR West Democratized Geospatial Data to Tackle the Technical Succession Crisis,
282,15,Scaling Drone Imagery Processing: A Cloud-Native Approach with OpenDroneMap and AWS,"A cloud-native drone processing pipeline using OpenDroneMap (ODM) to transform 2D drone imagery into high-resolution Ortho mosaics, 3D point clouds, and elevation models.",OpenDroneMap
283,15,Why Nominatim Can't Find Hiroshima Peace Memorial Museum - and How to Fix It,Nominatim struggles with CJK place name search. This talk demonstrates how PostgreSQL extensions can fix this with minimal code changes.,PostgreSQL
284,15,Designing a Scalable Open-Source Workflow for Water Network Field Validation: Lessons from Costa Rica,"A scalable workflow built with QGIS, Giswater, PostGIS and QFieldCloud for large-scale and collaborative validation of urban water networks.","QGIS, PostGIS"
285,15,"Democratizing Urban Development: The Potential of ""Machi Space"" Urban Digital Twin Platform","""Machi-Space"" empowers diverse stakeholders to perform environmental simulations and share data effortlessly for evidence-based decision-making in urban development.",
286,15,How Open-Source GIS Can Support Large-Scale Linear Infrastructure Projects,"This presentation explores how an open-source GIS stack—centred on QGIS, PostGIS and GeoServer—can support corridor planning and environmental assessment in infrastructure organisations.","QGIS, PostGIS, GeoServer"
287,15,Global Open Mapping Gurus: Leveling Up the Future of Open Mapping!,"The Global Open Mapping Guru Network empowers digital volunteers to mentor, validate, and lead open mapping initiatives worldwide.",
288,15,Efficient Search and Set Operations for Spatial IDs,An efficient algorithm using 'Extended Spatial ID' and 'V-Bit' encoding to solve computational explosions in 3D overlap detection for drone 3D airspace management.,
289,15,Valinor: Valhalla Meets Rust,Building extensions for the Valhalla routing engine that enable even more use cases and easier collaboration.,
290,15,Applied use of GTFS Data in Transportation Planning,"CPCS used GIS and six transport surveys to collect and analyse data on Lagos' public transit, focusing on eight proposed Quality Bus Corridors.",
291,15,Sketch and Stats: Integrating Community Mapping into Spatial Verification of Flood Extents,A spatial approach to enhance flood extent verification by integrating community mapping with hydrodynamic simulation outputs.,
292,15,Automated Neighborhood-Scale Zone Delineation from Administrative Districts for Hyperlocal Applications,A methodology for subdividing administrative districts into finer-grained local units by leveraging geographic boundary features with minimal human intervention.,
293,15,Hearing the Map: Spatial Audio as a New Dimension in Web GIS,"geospatial-audio-js is an open-source JavaScript library that adds real-time 3D spatial audio to web maps, opening new possibilities for accessibility and immersive audio guides.",
294,15,What's new in latest Postgres 18? Top 10 features of Postgres 18,"In this session, we will go through the most HOT Postgres 18 features.",PostgreSQL
295,15,Rendering Custom Flutter Widgets as MapLibre Map Pins Without Static Assets,"We turn custom Flutter widgets into small images and use them as MapLibre pins, avoiding managing many static image assets.",MapLibre
296,15,Programmatic and QGIS Workflows for NASA-ISRO Synthetic Aperture Radar (NISAR) Mission Data,The NISAR mission launched in July 2025. This demonstration presents examples of working with NISAR data in QGIS and programmatically using open-source packages.,QGIS
297,15,A Map-First Conference Guide App with MapLibre for FOSS4G Hiroshima 2026,"A cross-platform event guide app using React Native and MapLibre, offering map-based navigation and interactive indoor floor maps for the FOSS4G 2026 conference.",MapLibre
298,15,Designing Web Map Experiences Beyond Too Much Data with Intelligent AI Processing,This presentation explores how LLMs and Function Calling can transform web map experiences using MapLibre GL JS with natural language queries.,MapLibre
299,15,Building the GDAL Sponsorship Program,The GDAL Sponsorship Program changed how the project operates and put it on a previously unachievable sustainability path.,GDAL
300,15,"GeoSDC: A Spatial Data Infrastructure for geological risk management in Santa Catarina State, Brazil","A spatial data infrastructure based on GeoNode for natural disasters, especially geological hazards and susceptibility to mass movements and flooding.",GeoNode
301,16,"Disaster Recovery -- A Process, Not a Tool","This talk shifts focus from the technical commands to the strategic execution of database recovery, building a DR culture that prioritizes psychological safety.",
302,16,Scaling Geospatial Communities: 16 Years of QGIS Brazil and the Path to LATAM 2024,"Tracing the 16-year evolution of the QGIS Brazil community from initial 2005 translations to a network of 40,000+ members.",QGIS
303,16,Building a National Topographic System in QGIS,"A tour of New Zealand's Future Topographic Mapping project, aiming to replace legacy tools with modern open source technology.",QGIS
304,16,Cartography for Everyone: Maps Beyond GIS Users,"This talk explores simple cartographic choices that make maps clearer for non-GIS users, using open-source tools such as QGIS, OpenStreetMap, Leaflet, MapLibre.","QGIS, Leaflet, MapLibre"
305,16,"Source Cooperative: Publish, Discover, and Access Open Data with S3-Compatible Tools",Source Cooperative is an open platform for publishing and sharing open datasets. Attendees will walk through the full lifecycle of data on Source Cooperative.,
306,16,Building Production GeoSpatial Desktop GUIs in Julia at NASA with Dear ImGui and Mirage.jl,We built NASA's SHERPA lunar mission planner as a pure Julia desktop GUI using Dear ImGui and a custom OpenGL wrapper.,
307,16,State of the MapLibre Tile Format,"The MapLibre Tile Format is a new open, community-governed successor designed to overcome compression, interoperability, and extensibility limits of old vector tile formats.",MapLibre
308,16,"A Self-Hostable Open-Source Geospatial Platform for Small Teams, with Natural Language Querying via MCP","geo-base is a self-hostable open-source geospatial platform combining a tile server, a management dashboard, and an MCP connector for natural language queries.",
309,16,"""(Not yet) A Retrospective: The story of SPADE and experiences with GeoNode in a Multilateral Development Bank""",The story of SPADE—a long-running GeoNode instance at the Asian Development Bank (ADB)—and the technical and organizational challenges of using GeoNode/FOSS4G in a multilateral development bank.,GeoNode
310,16,Mapping for Municipal Revenue: Geospatial Upgrades to Local Governments Revenue Systems in Zanzibar,"Under the BIG-Z project, Zanzibar has geospatially enabled its Municipals Revenue software using QGIS, PostGIS, and GeoServer.","QGIS, PostGIS, GeoServer"
311,16,Bridging the Geospatial Data Gap in Africa with QGIS and OpenStreetMap,"This talk shows how open-source tools like QGIS, OpenStreetMap, and open Earth Observation data can generate accessible spatial datasets in data-scarce African contexts.",QGIS
312,16,The DBA's Toolkit for Identifying and Fixing Corruption in Postgres,Silent data corruption is the 'stealth killer' of modern databases. This talk provides a deep dive into the mechanics of corruption and defensive strategies for PostgreSQL environments.,PostgreSQL
313,16,Methods for Introducing Geospatial Awareness to Large Language Models with Open Standards,"This talk demonstrates how Geo-GraphRAG and DGGS, grounded in open standards, enable geospatial reasoning in LLMs with transparent, traceable results.",
314,16,Making drainage engineers' life easy: A culvert designers plug-in for QGIS,"A QGIS plug-in for supporting culvert design in civil engineering projects, automating manual work currently adopted by the industry.",QGIS
315,16,MapConductor: An Interoperability Layer for Mobile Map SDKs,"MapConductor is a neutral open-source layer designed to improve interoperability among mobile map SDKs, bridging ecosystems and supporting shared conceptual models.",MapConductor
316,16,Making Maps Readable: A Dive into Font Rendering in Navara,"This talk explores pitfalls in dynamic map typography and reveals how Navara abandons PBFs entirely, utilizing a dynamic rendering architecture for superior global maps.",
317,16,The Paradox of Convenience: Decoding the Hidden Risks of OGC API and Architecting for Sustainable Control,"OGC API and modern standards can lure organizations into a 'Convenience Trap' where unchecked connections breed API Sprawl, traffic bottlenecks, and untraceable security vulnerabilities.",
318,16,[FREE] and Open Source 4 Geo in the Age of Gen AI,"A few collected thoughts about the impact of the current coding revolution for the future of FOSS4G projects, including a brief take on the economics of FOSS4G.",
319,16,Mapping invasive canopy-smothering vines in the tropical Pacific using SAR and open-source geospatial tools,A SAR-based workflow using Sentinel-1 and open-source geospatial tools to detect and map invasive vine infestation across Pacific islands.,
320,16,The M4S Project: Scaling Seagrass Conservation in Timor-Leste through Participatory FOSS Workflows,"The M4S Project leverages a low-barrier FOSS stack to map seagrass in Metinaro, Timor-Leste through community-led workflows.",
321,17,Styles-Data Co-Optimisation for Better Performance,"Jointly optimizing map styles and underlying data can significantly improve vector map performance, reducing tile size, speeding up loading, and improving client rendering.",
322,17,"Noodles.gl: A visual programming language for animation, geospatial and the web","Noodles.gl is an open-source visual programming environment simplifying the creation of high-performance geospatial animations by integrating Deck.gl and MapLibre into a reactive, node-based workflow.",MapLibre
323,17,Web-Based High-Performance Traffic Simulator [2],"A traffic simulation platform enhanced for real-world urban planning, demonstrating technical maturity as a practical decision-support tool.",
324,17,Machine Learning-Driven Detection and Suitability Assessment of Rooftop Solar Photovoltaic Installations Using Satellite Imagery,"A machine learning framework leveraging satellite imagery to automate the detection, mapping, and suitability assessment of rooftops for solar photovoltaic (PV) installations.",
325,17,Seamlessly Compare Maps on QGIS with the QMapCompare Plugin,QMapCompare solves the problem of comparing differences between basemaps or datasets in QGIS by bringing interactive map comparison into QGIS.,"QGIS, QMapCompare"
326,17,Efficient pixel-scale upstream covariate computation for environmental machine learning,"An efficient flow-accumulation-based method bypassing per-pixel delineation, achieving orders-of-magnitude speedups for hydrological ML, demonstrated through a countrywide Random Forest nitrogen prediction.",
327,17,"Making Urban Data Explorable: 3D, GeoServer, and OSS","A lightning talk showing how 3D data helps urban planning, covering key datasets and how GeoServer publishes them with use cases for Cross-sections, Visibility, and 2D-3D Linking.",GeoServer
328,17,Rendering Massive Moving Points at 60fps on CesiumJS: Real-Time Dynamic Vector Rendering with GPU Textures,"Using Vertex Texture Fetch (VTF) to store position data in GPU textures, enabling real-time updates without geometry reconstruction for satellite trajectory monitoring.",CesiumJS
329,17,Cognitive Motion Design Redefining Interaction in map applications: Use case for Smart Agriculture,"'Cognitive Motion' leverages Motion UI and perceptive psychology to simplify complex Smart Agriculture data, reducing cognitive load and preventing spatial disorientation.",
330,17,Turning Statistics into Maps with UNICEF's Open Source Geospatial Solutions,"UNICEF's open-source stack - GeoRepo, GeoSight, and SDMXConnector - enabling seamless integration of SDMX data with harmonized boundaries for map-ready insights.",
331,17,i.hyper: processing hyperspectral imagery in GRASS,"i.hyper is a comprehensive hyperspectral processing addon for GRASS covering import, metadata handling, atmospheric correction, preprocessing, spectral resampling, indices, and more.",GRASS GIS
332,17,Project Update (GeoNode-k8s),"The geonode-k8s chart is production-grade, community-driven solution for deploying GeoNode 4.x and 5 on Kubernetes.",GeoNode
333,17,GeoNetwork 5: reimagining the Spatial Data Catalog for the future,"A development update from the latest version of GeoNetwork, as a 20-year-old project prepares for the challenges of the next decade.",GeoNetwork
334,17,Point Cloud PNG: Efficient Web-Based Distribution of Large-Scale Point Cloud Data via Image Encoding,"Point Cloud PNG is a file format for publishing two- or three-dimensional positional data using PNG/WebP with lossless compression, encoding numerical data as pixels.",
335,17,Mapping Fiber Without Operator Data: Evidence-Based Connectivity Indicators,"An evidence-based methodology to assess fiber presence and connectability using Overturemaps, network measurements, and routing constraints, explicitly accounting for uncertainty.",Overture Maps
336,17,The State of OGC SensorThings API,"An update on the OGC SensorThings API v2.0, the open source servers and clients available today, and real-world geospatial IoT use cases across sectors.",SensorThings
337,17,Building Agents for Open Data Research at Overture,Overture Maps Foundation is experimenting with Large Language Models and agents to integrate agents for open data discovery and research into Overture's pipeline.,Overture Maps
338,17,Current Status of ChOWDER: A Web-based Scalable Display for Ultra-High Resolution Web3DGIS,"ChOWDER is an open-source tiled display system that creates large pixel spaces via distributed web rendering, with a new feature for GIS overlay visualization of climate simulation results.",ChOWDER
339,17,Reproducibility in geospatial research: a case study.,"This talk highlights challenges in deep learning reproducibility and presents practical strategies, tools, and documentation practices for transparent, repeatable experiments using open-source technologies.",
340,17,From Map Layers to Knowledge Models: Extending Open GIS,"This talk introduces a practical extension that adds relational modeling to existing QGIS and PostGIS workflows, improving transparency and decision support in complex earthquake-prone disaster scenarios in Japan.","QGIS, PostGIS"
341,18,Cartographic Patterns: Comparing Multimodal Transport Systems in AMS and BLR,A cartographic comparison of the transport infrastructure in two dissimilar cities utilizing space-time cubes and the cities' transport index to identify gaps.,
342,18,Testing PLATEAU Pipelines in Re:Earth Flow When Topology Doesn't Survive,Testing a CityGML-tileset conversion pipeline. We show how statistical + raster-based testing in Re:Earth flow catches bugs in engine development.,"PLATEAU, Re:Earth"
343,18,Making WebGL Maps Speak: Scaling Accessibility in FOSS Geospatial Pipelines for Wildfire Risk Communications,"The FOSS geospatial pipeline behind a nationwide wildfire risk tool, including GDAL, PostGIS, Tippecanoe, and the accessibility patterns to make interactive web maps work for everyone.","GDAL, PostGIS"
344,18,QGIS 4 is coming and my plugins will break,Will plugins really break when migrating them to QGIS 4? This talk addresses this concern.,QGIS
345,18,Getting started with PostGIS,"This interactive workshop will detail how to install, configure, and use PostGIS at a basic level.",PostGIS
346,18,Improving Water Data Access with Cloud Native Geospatial Formats,How the Geoconnex project has leveraged FlatGeobuf and GeoParquet to improve the user experience of analyzing hydrological information across the United States.,
347,18,Building an MCP Server Ecosystem on Japan's National-Scale Geospatial Open Data Platform,How we connected Japan's national open geospatial data platform to AI agents using the Model Context Protocol for infrastructure maintenance use cases.,
348,18,Natural Language Querying of STAC Catalogs Using LLMs for Geospatial Visualization,"A framework that uses Gemma 3 to translate natural language into STAC queries, automating GISTDA's disaster data retrieval and MapLibre visualization.",MapLibre
349,18,Building a Spatial Archive of Feminist Activism.,"Geochicas turns 10 this year with the Atlas 8M: a community-governed, open-source archive of 3,183 georeferenced feminist mobilizations across 63 countries.",
350,18,Does Re:Earth Dream of a Peaceful Earth?,"Re:Earth and Eukarya have been engaged in various initiatives related to peace and education, presented in conjunction with the FOSS4G conference being held in Hiroshima.",Re:Earth
351,18,OpenChizu: Turning Japan's Open Data into a Modern Web Map,"A modern vector map of Japan built from GSI open data and OpenStreetMap, built on vector tiles integrating with MapLibre and open-source tools.",MapLibre
352,18,Extending Reearth CMS with API-First Design and Developer-Friendly Data Workflows,"Recent development features in Reearth CMS including an API-first architecture, an interactive API playground, and flexible import/export pipelines.",Re:Earth
353,18,From OpenLayers Legacy to GIFramework: Modernizing GeoSampa's Web Mapping Interface,GeoSampa 2.0 modernizes Sao Paulo's geospatial platform through the adoption of the OSGeo-based GIFramework Maps.,"OpenLayers, GIFramework"
354,18,Expanding Map Perception: Designing Inclusive Experiences for Colorblind Users,"This study proposes accessible map design approaches that reduce reliance on color using inclusive palettes, symbols, patterns, and visual hierarchy for colorblind users.",
355,18,Geoprivacy in the Field: Integrating Privacy-Preserving Spatial Transformations into the QField Mobile GIS Platform,"A QField plugin integrating geoprivacy transformations directly into the mobile editing workflow, allowing sensitive point locations to be modified within the app.",QField
356,18,Rethinking Feature Data Services: A Composable Architecture for Geospatial APIs,"We introduce Meros, an open-source feature data service demonstrating how decoupling APIs from databases creates highly flexible, resilient, and easily deployable services.",
357,18,Use of Open Source Software in the ESA Planetary Science Archive,"Overview of how the ESA Planetary Science Archive (PSA) uses OpenLayers, GeoServer, Three.js, and PostGIS for planetary data including Mars.","OpenLayers, GeoServer, PostGIS"
358,18,Porting JTS Interior Point Algorithm to TypeScript and Rust/WASM,An open-source project that ports the JTS (Java Topology Suite) InteriorPoint algorithm to both TypeScript and Rust/WASM.,
359,18,State of TerriaJS,"TerriaJS is an open-source TS/JS framework for building rich, 2D and 3D web-based geospatial data platforms deployed in Digital Earth Australia and government platforms worldwide.",TerriaJS
360,18,spCF: an R package for coarse-to-fine spatial modeling,"The R package 'spCF' provides functions for coarse-to-fine spatial modeling, enabling scalable spatial prediction, regression, and multi-scale analysis for large samples.",
361,19,Lack of Open-Source Border Datasets on Sensitive Border Areas: The Case of the China-Bhutan Border,"Open-source border datasets have limitations in contested regions. Using the Bhutan-China border case, this study shows village locations may not align with available boundaries.",
362,19,Terra Draw - bring drawing feature to all map applications,Terra Draw is a drawing library having unified interfaces for most of mapping libraries. This talk updates the state of TerraDraw and maplibre-gl-terradraw.,MapLibre
363,19,Kumoy: Turn your QGIS Maps into Cloud-Native,"With Kumoy, you can push your QGIS projects into an interactive web map in just a few clicks, with role management and data sync.",QGIS
364,19,V-World Platform Enhancement for Digital Twin-Based Geospatial Services,"V-World, Korea's national geospatial platform by MOLIT, advances 3D services and analytics with improved data management and Geo-AI integration.",
365,19,"Beyond Metadata Search: STAC, Vector Embeddings, and GeoAI",This talk shows how to combine STAC for structured discovery and vector embeddings for semantic similarity to support modern geospatial analysis workflows.,
366,19,From Spatial Database to Public Accessibility Viewer: Open-Source Geospatial Support for Inclusive Mobility Planning in Slovenia,An open-source geospatial system in Slovenia providing a unified accessibility database and public web viewer for inclusive mobility planning.,
367,19,AI-accelerated development and FOSS4G - a perspective into the future,A few collected thoughts about the impact of the current coding revolution for the future of FOSS4G projects.,
368,19,State of PDAL,PDAL is Point Data Abstraction Library. It is a C/C++ open source library for translating and processing point cloud data. Update on new features and capabilities over the last 2 years.,PDAL
369,19,Cartographic Patterns: Comparing Multimodal Transport Systems in diametrically opposite cities,A cartographic comparison of transport infrastructure in two dissimilar cities utilizing space-time cubes and the cities' transport index.,
370,19,Utilizing detailed geographic information open data,"In Japan, open data of detailed geographic information is made public, and we will propose ways to effectively utilize these data using water catchment area analysis.",
371,19,The modern STAC software ecosystem,"A tour of the latest-and-greatest in the STAC software ecosystem, with a focus on demonstrations and use-cases.",
372,19,Between coffee farmers and an EU portal: When is a polygon actually valid?,"This talk explores practical problems at the crossroads of coffee industry, geodata, and EU regulation around what actually constitutes a valid polygon.",
373,19,Browser-based raster reprojection with GPU-accelerated pixel resampling,A way to stream unmodified COG data directly from object storage and reproject the imagery in the browser without a server in the middle.,
374,19,Introduction to Point Tiler: A tool for converting large-scale point cloud data into 3D Tiles,point-tiler is a Rust CLI that converts massive LAS/LAZ point clouds into modern 3D Tiles (v1.1) via a glTF/GLB-centric workflow.,
375,19,Finding the Street-Level Images You Need in Mapillary,Mapillary hosts over 2 billion street-level images as open data. This presentation introduces filtering methods to remove low-quality or irrelevant images.,
376,19,Re:Earth: Empowering Non-Experts with Open Source WebGIS — Case Studies from Educational Settings,"Re:Earth is an open source, no-code WebGIS platform built on Cesium. This talk presents two educational case studies showing how open source geospatial tools empower non-expert users.","Re:Earth, CesiumJS"
